﻿Designator,Footprint,Quantity,Value,LCSC Part #
"C1, C2, C6",0805,3,1uF,
C3,0805,1,4.7uF,
"C4, C5, C7",0805,3,0.1uF,
"D1, D10, D11, D12, D13, D14, D15, D16, D17, D18, D19, D2, D20, D21, D22, D23, D24, D25, D26, D27, D28, D29, D3, D30, D31, D32, D33, D34, D35, D36, D37, D38, D39, D4, D40, D41, D42, D43, D44, D45, D46, D47, D48, D49, D5, D50, D51, D52, D53, D54, D55, D56, D57, D58, D59, D6, D60, D61, D62, D63, D64, D65, D66, D67, D68, D7, D8, D9",D_SOD-123,68,1N4148W,
F1,1206,1,1A,
J1,USB_C_Receptacle_HRO_TYPE-C-31-M-12,1,USB_C_Receptacle_USB2.0_16P,
MX1,MX-Hotswap-1U,1,Esc,
MX10,MX-Hotswap-1U,1,9,
MX11,MX-Hotswap-1U,1,0,
MX12,MX-Hotswap-1U,1,-,
MX13,MX-Hotswap-1U,1,=,
MX14,MX-Hotswap-2U,1,Backspace,
MX15,MX-Hotswap-1U,1,`,
MX16,MX-Hotswap-1.5U,1,Tab,
MX17,MX-Hotswap-1U,1,Q,
MX18,MX-Hotswap-1U,1,W,
MX19,MX-Hotswap-1U,1,E,
MX2,MX-Hotswap-1U,1,1,
MX20,MX-Hotswap-1U,1,R,
MX21,MX-Hotswap-1U,1,T,
MX22,MX-Hotswap-1U,1,Y,
MX23,MX-Hotswap-1U,1,U,
MX24,MX-Hotswap-1U,1,I,
MX25,MX-Hotswap-1U,1,O,
MX26,MX-Hotswap-1U,1,P,
MX27,MX-Hotswap-1U,1,[,
MX28,MX-Hotswap-1U,1,],
MX29,MX-Hotswap-1.5U,1,\,
MX3,MX-Hotswap-1U,1,2,
MX30,MX-Hotswap-1U,1,Del,
MX31,MX-Hotswap-1.75U,1,Capslock,
MX32,MX-Hotswap-1U,1,A,
MX33,MX-Hotswap-1U,1,S,
MX34,MX-Hotswap-1U,1,D,
MX35,MX-Hotswap-1U,1,F,
MX36,MX-Hotswap-1U,1,G,
MX37,MX-Hotswap-1U,1,H,
MX38,MX-Hotswap-1U,1,J,
MX39,MX-Hotswap-1U,1,K,
MX4,MX-Hotswap-1U,1,3,
MX40,MX-Hotswap-1U,1,L,
MX41,MX-Hotswap-1U,1,;,
MX42,MX-Hotswap-1U,1,',
MX43,MX-Hotswap-2.25U,1,Enter,
MX44,MX-Hotswap-1U,1,Pgup,
MX45,MX-Hotswap-2.25U,1,Shift,
MX46,MX-Hotswap-1U,1,Z,
MX47,MX-Hotswap-1U,1,X,
MX48,MX-Hotswap-1U,1,C,
MX49,MX-Hotswap-1U,1,V,
MX5,MX-Hotswap-1U,1,4,
MX50,MX-Hotswap-1U,1,B,
MX51,MX-Hotswap-1U,1,N,
MX52,MX-Hotswap-1U,1,M,
MX53,MX-Hotswap-1U,1,",",
MX54,MX-Hotswap-1U,1,.,
MX55,MX-Hotswap-1U,1,/,
MX56,MX-Hotswap-1.75U,1,Shift,
MX57,MX-Hotswap-1U,1,Arrow_Up,
MX58,MX-Hotswap-1U,1,Pgdown,
MX59,MX-Hotswap-1.25U,1,Ctrl,
MX6,MX-Hotswap-1U,1,5,
MX60,MX-Hotswap-1.25U,1,Win,
MX61,MX-Hotswap-1.25U,1,Alt,
MX62,MX-Hotswap-6.25U,1,Space,
MX63,MX-Hotswap-1U,1,R_Alt,
MX64,MX-Hotswap-1U,1,Fn,
MX65,MX-Hotswap-1U,1,R_Ctrl,
MX66,MX-Hotswap-1U,1,Arrow_Left,
MX67,MX-Hotswap-1U,1,Arrow_Down,
MX68,MX-Hotswap-1U,1,Arrow_Right,
MX7,MX-Hotswap-1U,1,6,
MX8,MX-Hotswap-1U,1,7,
MX9,MX-Hotswap-1U,1,8,
"R1, R2",0805,2,5.1K,
R3,0805,1,10k,
SW1,SW_Slide_SPDT_Straight_CK_OS102011MS2Q,1,SW_SPDT,
SW2,SW_SPST_TL3342,1,SW_Push,
U2,SOT-23-3,1,XC6206P332MR,
U3,LQFP-48_7x7mm_P0.5mm,1,STM32G0B1CBTx,
U4,SOT-23-6,1,SRV05-4,
